CREATE EXTENSION IF NOT EXISTS pgcrypto;

INSERT INTO users (id, username, password, created_at, updated_at)
VALUES (1, 'admin', crypt('password1', gen_salt('bf')), now() - INTERVAL '200 days', NULL),
       (2, 'user02', crypt('password2', gen_salt('bf')), now() - INTERVAL '198 days', NULL),
       (3, 'user03', crypt('password3', gen_salt('bf')), now() - INTERVAL '196 days', NULL),
       (4, 'user04', crypt('password4', gen_salt('bf')), now() - INTERVAL '194 days', NULL),
       (5, 'user05', crypt('password5', gen_salt('bf')), now() - INTERVAL '192 days', NULL),
       (6, 'user06', crypt('password6', gen_salt('bf')), now() - INTERVAL '190 days', NULL),
       (7, 'user07', crypt('password7', gen_salt('bf')), now() - INTERVAL '188 days', NULL),
       (8, 'user08', crypt('password8', gen_salt('bf')), now() - INTERVAL '186 days', NULL),
       (9, 'user09', crypt('password9', gen_salt('bf')), now() - INTERVAL '184 days', NULL),
       (10, 'user10', crypt('password10', gen_salt('bf')), now() - INTERVAL '182 days', NULL),
       (11, 'user11', crypt('password11', gen_salt('bf')), now() - INTERVAL '180 days', NULL),
       (12, 'user12', crypt('password12', gen_salt('bf')), now() - INTERVAL '178 days', NULL),
       (13, 'user13', crypt('password13', gen_salt('bf')), now() - INTERVAL '176 days', NULL),
       (14, 'user14', crypt('password14', gen_salt('bf')), now() - INTERVAL '174 days', NULL),
       (15, 'user15', crypt('password15', gen_salt('bf')), now() - INTERVAL '172 days', NULL),
       (16, 'user16', crypt('password16', gen_salt('bf')), now() - INTERVAL '170 days', NULL),
       (17, 'user17', crypt('password17', gen_salt('bf')), now() - INTERVAL '168 days', NULL),
       (18, 'user18', crypt('password18', gen_salt('bf')), now() - INTERVAL '166 days', NULL),
       (19, 'user19', crypt('password19', gen_salt('bf')), now() - INTERVAL '164 days', NULL),
       (20, 'user20', crypt('password20', gen_salt('bf')), now() - INTERVAL '162 days', NULL),
       (21, 'user21', crypt('password21', gen_salt('bf')), now() - INTERVAL '160 days', NULL),
       (22, 'user22', crypt('password22', gen_salt('bf')), now() - INTERVAL '158 days', NULL),
       (23, 'user23', crypt('password23', gen_salt('bf')), now() - INTERVAL '156 days', NULL),
       (24, 'user24', crypt('password24', gen_salt('bf')), now() - INTERVAL '154 days', NULL),
       (25, 'user25', crypt('password25', gen_salt('bf')), now() - INTERVAL '152 days', NULL),
       (26, 'user26', crypt('password26', gen_salt('bf')), now() - INTERVAL '150 days', NULL),
       (27, 'user27', crypt('password27', gen_salt('bf')), now() - INTERVAL '148 days', NULL),
       (28, 'user28', crypt('password28', gen_salt('bf')), now() - INTERVAL '146 days', NULL),
       (29, 'user29', crypt('password29', gen_salt('bf')), now() - INTERVAL '144 days', NULL),
       (30, 'user30', crypt('password30', gen_salt('bf')), now() - INTERVAL '142 days', NULL),
       (31, 'user31', crypt('password31', gen_salt('bf')), now() - INTERVAL '140 days', NULL),
       (32, 'user32', crypt('password32', gen_salt('bf')), now() - INTERVAL '138 days', NULL),
       (33, 'user33', crypt('password33', gen_salt('bf')), now() - INTERVAL '136 days', NULL),
       (34, 'user34', crypt('password34', gen_salt('bf')), now() - INTERVAL '134 days', NULL),
       (35, 'user35', crypt('password35', gen_salt('bf')), now() - INTERVAL '132 days', NULL),
       (36, 'user36', crypt('password36', gen_salt('bf')), now() - INTERVAL '130 days', NULL),
       (37, 'user37', crypt('password37', gen_salt('bf')), now() - INTERVAL '128 days', NULL),
       (38, 'user38', crypt('password38', gen_salt('bf')), now() - INTERVAL '126 days', NULL),
       (39, 'user39', crypt('password39', gen_salt('bf')), now() - INTERVAL '124 days', NULL),
       (40, 'user40', crypt('password40', gen_salt('bf')), now() - INTERVAL '122 days', NULL),
       (41, 'user41', crypt('password41', gen_salt('bf')), now() - INTERVAL '120 days', NULL),
       (42, 'user42', crypt('password42', gen_salt('bf')), now() - INTERVAL '118 days', NULL),
       (43, 'user43', crypt('password43', gen_salt('bf')), now() - INTERVAL '116 days', NULL),
       (44, 'user44', crypt('password44', gen_salt('bf')), now() - INTERVAL '114 days', NULL),
       (45, 'user45', crypt('password45', gen_salt('bf')), now() - INTERVAL '112 days', NULL),
       (46, 'user46', crypt('password46', gen_salt('bf')), now() - INTERVAL '110 days', NULL),
       (47, 'user47', crypt('password47', gen_salt('bf')), now() - INTERVAL '108 days', NULL),
       (48, 'user48', crypt('password48', gen_salt('bf')), now() - INTERVAL '106 days', NULL),
       (49, 'user49', crypt('password49', gen_salt('bf')), now() - INTERVAL '104 days', NULL),
       (50, 'user50', crypt('password50', gen_salt('bf')), now() - INTERVAL '102 days', NULL);


INSERT INTO authority (user_id, name, created_at)
VALUES (1, 'USER', now()),
       (1, 'ADMIN', now()),
       (2, 'USER', now()),
       (3, 'USER', now()),
       (4, 'USER', now()),
       (5, 'USER', now()),
       (6, 'USER', now()),
       (7, 'USER', now()),
       (8, 'USER', now()),
       (9, 'USER', now()),
       (10, 'USER', now()),
       (11, 'USER', now()),
       (12, 'USER', now()),
       (13, 'USER', now()),
       (14, 'USER', now()),
       (15, 'USER', now()),
       (16, 'USER', now()),
       (17, 'USER', now()),
       (18, 'USER', now()),
       (19, 'USER', now()),
       (20, 'USER', now()),
       (21, 'USER', now()),
       (22, 'USER', now()),
       (23, 'USER', now()),
       (24, 'USER', now()),
       (25, 'USER', now()),
       (26, 'USER', now()),
       (27, 'USER', now()),
       (28, 'USER', now()),
       (29, 'USER', now()),
       (30, 'USER', now()),
       (31, 'USER', now()),
       (32, 'USER', now()),
       (33, 'USER', now()),
       (34, 'USER', now()),
       (35, 'USER', now()),
       (36, 'USER', now()),
       (37, 'USER', now()),
       (38, 'USER', now()),
       (39, 'USER', now()),
       (40, 'USER', now()),
       (41, 'USER', now()),
       (42, 'USER', now()),
       (43, 'USER', now()),
       (44, 'USER', now()),
       (45, 'USER', now()),
       (46, 'USER', now()),
       (47, 'USER', now()),
       (48, 'USER', now()),
       (49, 'USER', now()),
       (50, 'USER', now());

INSERT INTO user_profile_picture (id, user_profile_picture_binary_id, url, created_at, updated_at)
VALUES (1, NULL, 'https://randomuser.me/api/portraits/women/1.jpg', now(), NULL),
       (2, NULL, 'https://randomuser.me/api/portraits/men/2.jpg', now(), NULL),
       (3, NULL, 'https://randomuser.me/api/portraits/women/3.jpg', now(), NULL),
       (4, NULL, 'https://randomuser.me/api/portraits/men/4.jpg', now(), NULL),
       (5, NULL, 'https://randomuser.me/api/portraits/women/5.jpg', now(), NULL),
       (6, NULL, 'https://randomuser.me/api/portraits/men/6.jpg', now(), NULL),
       (7, NULL, 'https://randomuser.me/api/portraits/women/7.jpg', now(), NULL),
       (8, NULL, 'https://randomuser.me/api/portraits/men/8.jpg', now(), NULL),
       (9, NULL, 'https://randomuser.me/api/portraits/women/9.jpg', now(), NULL),
       (10, NULL, 'https://randomuser.me/api/portraits/men/10.jpg', now(), NULL),
       (11, NULL, 'https://randomuser.me/api/portraits/women/11.jpg', now(), NULL),
       (12, NULL, 'https://randomuser.me/api/portraits/men/12.jpg', now(), NULL),
       (13, NULL, 'https://randomuser.me/api/portraits/women/13.jpg', now(), NULL),
       (14, NULL, 'https://randomuser.me/api/portraits/men/14.jpg', now(), NULL),
       (15, NULL, 'https://randomuser.me/api/portraits/women/15.jpg', now(), NULL),
       (16, NULL, 'https://randomuser.me/api/portraits/men/16.jpg', now(), NULL),
       (17, NULL, 'https://randomuser.me/api/portraits/women/17.jpg', now(), NULL),
       (18, NULL, 'https://randomuser.me/api/portraits/men/18.jpg', now(), NULL),
       (19, NULL, 'https://randomuser.me/api/portraits/women/19.jpg', now(), NULL),
       (20, NULL, 'https://randomuser.me/api/portraits/men/20.jpg', now(), NULL),
       (21, NULL, 'https://randomuser.me/api/portraits/women/21.jpg', now(), NULL),
       (22, NULL, 'https://randomuser.me/api/portraits/men/22.jpg', now(), NULL),
       (23, NULL, 'https://randomuser.me/api/portraits/women/23.jpg', now(), NULL),
       (24, NULL, 'https://randomuser.me/api/portraits/men/24.jpg', now(), NULL),
       (25, NULL, 'https://randomuser.me/api/portraits/women/25.jpg', now(), NULL),
       (26, NULL, 'https://randomuser.me/api/portraits/men/26.jpg', now(), NULL),
       (27, NULL, 'https://randomuser.me/api/portraits/women/27.jpg', now(), NULL),
       (28, NULL, 'https://randomuser.me/api/portraits/men/28.jpg', now(), NULL),
       (29, NULL, 'https://randomuser.me/api/portraits/women/29.jpg', now(), NULL),
       (30, NULL, 'https://randomuser.me/api/portraits/men/30.jpg', now(), NULL),
       (31, NULL, 'https://randomuser.me/api/portraits/women/31.jpg', now(), NULL),
       (32, NULL, 'https://randomuser.me/api/portraits/men/32.jpg', now(), NULL),
       (33, NULL, 'https://randomuser.me/api/portraits/women/33.jpg', now(), NULL),
       (34, NULL, 'https://randomuser.me/api/portraits/men/34.jpg', now(), NULL),
       (35, NULL, 'https://randomuser.me/api/portraits/women/35.jpg', now(), NULL),
       (36, NULL, 'https://randomuser.me/api/portraits/men/36.jpg', now(), NULL),
       (37, NULL, 'https://randomuser.me/api/portraits/women/37.jpg', now(), NULL),
       (38, NULL, 'https://randomuser.me/api/portraits/men/38.jpg', now(), NULL),
       (39, NULL, 'https://randomuser.me/api/portraits/women/39.jpg', now(), NULL),
       (40, NULL, 'https://randomuser.me/api/portraits/men/40.jpg', now(), NULL),
       (41, NULL, 'https://randomuser.me/api/portraits/women/41.jpg', now(), NULL),
       (42, NULL, 'https://randomuser.me/api/portraits/men/42.jpg', now(), NULL),
       (43, NULL, 'https://randomuser.me/api/portraits/women/43.jpg', now(), NULL),
       (44, NULL, 'https://randomuser.me/api/portraits/men/44.jpg', now(), NULL),
       (45, NULL, 'https://randomuser.me/api/portraits/women/45.jpg', now(), NULL),
       (46, NULL, 'https://randomuser.me/api/portraits/men/46.jpg', now(), NULL),
       (47, NULL, 'https://randomuser.me/api/portraits/women/47.jpg', now(), NULL),
       (48, NULL, 'https://randomuser.me/api/portraits/men/48.jpg', now(), NULL),
       (49, NULL, 'https://randomuser.me/api/portraits/women/49.jpg', now(), NULL),
       (50, NULL, 'https://randomuser.me/api/portraits/men/50.jpg', now(), NULL);

INSERT INTO user_profile (user_id, user_profile_picture_id, first_name, last_name, description, created_at, updated_at)
VALUES (1, 1, 'Anna', 'Kowalska', 'Miłośniczka literatury fantasy i kawy.', now() - INTERVAL '200 days', NULL),
       (2, 2, 'Piotr', 'Nowak', 'Uwielbia kryminały skandynawskie.', now() - INTERVAL '198 days', NULL),
       (3, 3, 'Maria', 'Wiśniewska', 'Czyta głównie biografie i książki historyczne.', now() - INTERVAL '196 days',
        NULL),
       (4, 4, 'Tomasz', 'Wójcik', 'Fan literatury science-fiction.', now() - INTERVAL '194 days', NULL),
       (5, 5, 'Katarzyna', 'Kamińska', 'Lubi literaturę obyczajową i romanse.', now() - INTERVAL '192 days', NULL),
       (6, 6, 'Michał', 'Lewandowski', 'Zaczytuje się w reportażach i esejach.', now() - INTERVAL '190 days', NULL),
       (7, 7, 'Agnieszka', 'Zielińska', 'Pasjonatka książek psychologicznych.', now() - INTERVAL '188 days', NULL),
       (8, 8, 'Krzysztof', 'Szymański', 'Fan powieści sensacyjnych i thrillerów.', now() - INTERVAL '186 days', NULL),
       (9, 9, 'Ewa', 'Woźniak', 'Uwielbia literaturę młodzieżową i YA.', now() - INTERVAL '184 days', NULL),
       (10, 10, 'Marcin', 'Kozłowski', 'Lubi czytać literaturę faktu.', now() - INTERVAL '182 days', NULL),
       (11, 11, 'Joanna', 'Jankowska', 'Czyta głównie powieści historyczne.', now() - INTERVAL '180 days', NULL),
       (12, 12, 'Paweł', 'Mazur', 'Fan komiksów i powieści graficznych.', now() - INTERVAL '178 days', NULL),
       (13, 13, 'Monika', 'Krawczyk', 'Uwielbia literaturę kobiecą.', now() - INTERVAL '176 days', NULL),
       (14, 14, 'Adam', 'Król', 'Interesuje się klasyką literatury.', now() - INTERVAL '174 days', NULL),
       (15, 15, 'Julia', 'Pawlak', 'Lubi czytać książki o podróżach.', now() - INTERVAL '172 days', NULL),
       (16, 16, 'Łukasz', 'Grabowski', 'Fan literatury filozoficznej.', now() - INTERVAL '170 days', NULL),
       (17, 17, 'Natalia', 'Olszewska', 'Czyta powieści psychologiczne.', now() - INTERVAL '168 days', NULL),
       (18, 18, 'Andrzej', 'Dąbrowski', 'Interesuje się literaturą faktu i polityką.', now() - INTERVAL '166 days',
        NULL),
       (19, 19, 'Magdalena', 'Lis', 'Uwielbia romanse i obyczajówki.', now() - INTERVAL '164 days', NULL),
       (20, 20, 'Sebastian', 'Jaworski', 'Fan thrillerów i horrorów.', now() - INTERVAL '162 days', NULL),
       (21, 21, 'Zuzanna', 'Sikora', 'Czyta głównie literaturę młodzieżową.', now() - INTERVAL '160 days', NULL),
       (22, 22, 'Damian', 'Walczak', 'Miłośnik fantastyki.', now() - INTERVAL '158 days', NULL),
       (23, 23, 'Aleksandra', 'Rutkowska', 'Uwielbia książki o podróżach.', now() - INTERVAL '156 days', NULL),
       (24, 24, 'Jakub', 'Michalski', 'Czyta literaturę przygodową.', now() - INTERVAL '154 days', NULL),
       (25, 25, 'Marta', 'Czarnecka', 'Interesuje się reportażem.', now() - INTERVAL '152 days', NULL),
       (26, 26, 'Patryk', 'Piotrowski', 'Fan powieści sensacyjnych.', now() - INTERVAL '150 days', NULL),
       (27, 27, 'Karolina', 'Górska', 'Uwielbia literaturę obyczajową.', now() - INTERVAL '148 days', NULL),
       (28, 28, 'Daniel', 'Witkowski', 'Lubi czytać fantastykę.', now() - INTERVAL '146 days', NULL),
       (29, 29, 'Weronika', 'Baran', 'Pasjonatka literatury klasycznej.', now() - INTERVAL '144 days', NULL),
       (30, 30, 'Mateusz', 'Malinowski', 'Fan powieści grozy.', now() - INTERVAL '142 days', NULL),
       (31, 31, 'Dorota', 'Adamska', 'Uwielbia biografie znanych osób.', now() - INTERVAL '140 days', NULL),
       (32, 32, 'Rafał', 'Borkowski', 'Czyta powieści historyczne.', now() - INTERVAL '138 days', NULL),
       (33, 33, 'Paulina', 'Chmielewska', 'Miłośniczka fantasy.', now() - INTERVAL '136 days', NULL),
       (34, 34, 'Grzegorz', 'Olejniczak', 'Uwielbia literaturę faktu.', now() - INTERVAL '134 days', NULL),
       (35, 35, 'Justyna', 'Sadowska', 'Czyta romanse i kryminały.', now() - INTERVAL '132 days', NULL),
       (36, 36, 'Szymon', 'Marciniak', 'Fan literatury science-fiction.', now() - INTERVAL '130 days', NULL),
       (37, 37, 'Elżbieta', 'Madej', 'Pasjonatka powieści psychologicznych.', now() - INTERVAL '128 days', NULL),
       (38, 38, 'Wojciech', 'Orłowski', 'Uwielbia literaturę grozy.', now() - INTERVAL '126 days', NULL),
       (39, 39, 'Alicja', 'Stępień', 'Lubi książki o podróżach.', now() - INTERVAL '124 days', NULL),
       (40, 40, 'Kamil', 'Romanowski', 'Czyta thrillery i powieści kryminalne.', now() - INTERVAL '122 days', NULL),
       (41, 41, 'Sylwia', 'Tomaszewska', 'Uwielbia powieści młodzieżowe.', now() - INTERVAL '120 days', NULL),
       (42, 42, 'Marek', 'Zawadzki', 'Fan klasyki literatury.', now() - INTERVAL '118 days', NULL),
       (43, 43, 'Izabela', 'Błaszczyk', 'Czyta książki o sztuce.', now() - INTERVAL '116 days', NULL),
       (44, 44, 'Artur', 'Wilk', 'Uwielbia science-fiction.', now() - INTERVAL '114 days', NULL),
       (45, 45, 'Barbara', 'Marciniak', 'Interesuje się psychologią.', now() - INTERVAL '112 days', NULL),
       (46, 46, 'Filip', 'Szulc', 'Fan powieści historycznych.', now() - INTERVAL '110 days', NULL),
       (47, 47, 'Helena', 'Majewska', 'Czyta romanse i fantastykę.', now() - INTERVAL '108 days', NULL),
       (48, 48, 'Oskar', 'Kubiak', 'Uwielbia thrillery i sensację.', now() - INTERVAL '106 days', NULL),
       (49, 49, 'Patrycja', 'Brzezińska', 'Lubi literaturę kobiecą.', now() - INTERVAL '104 days', NULL),
       (50, 50, 'Damian', 'Sosnowski', 'Czyta literaturę faktu.', now() - INTERVAL '102 days', NULL);


SELECT setval(pg_get_serial_sequence('users', 'id'), (select MAX(id) from users), true);
SELECT setval(pg_get_serial_sequence('user_profile_picture', 'id'), (select MAX(id) from user_profile_picture), true);
